chat_id,task_text
7152023720,"๐น ุจูุงูุงุช ุงููููุฉ:

ุงูุงุณู: Paris Ralph
ุงูุฅูููู: paris.ralph312@gmail.com
ูููุฉ ุงููุฑูุฑ: aass1122

โ ุจุนุฏ ุงูุชูููุฐ ุฃุฑุณู ุฑุณุงูุฉ ูุตูุฉ ุชุคูุฏ ุฅุชูุงู ุงููููุฉ."
7152023720,"๐น ุจูุงูุงุช ุงููููุฉ:

ุงูุงุณู: Kimberlee Eric
ุงูุฅูููู: kimberlee.eric590@gmail.com
ูููุฉ ุงููุฑูุฑ: aass1122

โ ุจุนุฏ ุงูุชูููุฐ ุฃุฑุณู ุฑุณุงูุฉ ูุตูุฉ ุชุคูุฏ ุฅุชูุงู ุงููููุฉ."
7152023720,"๐น ุจูุงูุงุช ุงููููุฉ:

ุงูุงุณู: Paris Ralph
ุงูุฅูููู: paris.ralph312@gmail.com
ูููุฉ ุงููุฑูุฑ: aass1122

โ ุจุนุฏ ุงูุชูููุฐ ุฃุฑุณู ุฑุณุงูุฉ ูุตูุฉ ุชุคูุฏ ุฅุชูุงู ุงููููุฉ."
7152023720,"๐น ุจูุงูุงุช ุงููููุฉ:

ุงูุงุณู: Paris Ralph
ุงูุฅูููู: paris.ralph312@gmail.com
ูููุฉ ุงููุฑูุฑ: aass1122

โ ุจุนุฏ ุงูุชูููุฐ ุฃุฑุณู ุฑุณุงูุฉ ูุตูุฉ ุชุคูุฏ ุฅุชูุงู ุงููููุฉ."
7152023720,"๐น ุจูุงูุงุช ุงููููุฉ:

ุงูุงุณู: Erma Kristopher
ุงูุฅูููู: erma.kristopher847@gmail.com
ูููุฉ ุงููุฑูุฑ: aass1122

โ ุจุนุฏ ุงูุชูููุฐ ุฃุฑุณู ุฑุณุงูุฉ ูุตูุฉ ุชุคูุฏ ุฅุชูุงู ุงููููุฉ."
7152023720,"๐น ุจูุงูุงุช ุงููููุฉ:

ุงูุงุณู: Erma Kristopher
ุงูุฅูููู: erma.kristopher847@gmail.com
ูููุฉ ุงููุฑูุฑ: aass1122

โ ุจุนุฏ ุงูุชูููุฐ ุฃุฑุณู ุฑุณุงูุฉ ูุตูุฉ ุชุคูุฏ ุฅุชูุงู ุงููููุฉ."
7152023720,"๐น ุจูุงูุงุช ุงููููุฉ:

ุงูุงุณู: Paris Ralph
ุงูุฅูููู: paris.ralph312@gmail.com
ูููุฉ ุงููุฑูุฑ: aass1122

โ ุจุนุฏ ุงูุชูููุฐ ุฃุฑุณู ุฑุณุงูุฉ ูุตูุฉ ุชุคูุฏ ุฅุชูุงู ุงููููุฉ."
7152023720,"๐น ุจูุงูุงุช ุงููููุฉ:

ุงูุงุณู: Paris Ralph
ุงูุฅูููู: paris.ralph312@gmail.com
ูููุฉ ุงููุฑูุฑ: aass1122

โ ุจุนุฏ ุงูุชูููุฐ ุฃุฑุณู ุฑุณุงูุฉ ูุตูุฉ ุชุคูุฏ ุฅุชูุงู ุงููููุฉ."
7152023720,"๐น ุจูุงูุงุช ุงููููุฉ:

ุงูุงุณู: Kimberlee Eric
ุงูุฅูููู: kimberlee.eric590@gmail.com
ูููุฉ ุงููุฑูุฑ: aass1122

โ ุจุนุฏ ุงูุชูููุฐ ุฃุฑุณู ุฑุณุงูุฉ ูุตูุฉ ุชุคูุฏ ุฅุชูุงู ุงููููุฉ."
7152023720,"๐น ุจูุงูุงุช ุงููููุฉ:

ุงูุงุณู: Kimberlee Eric
ุงูุฅูููู: kimberlee.eric590@gmail.com
ูููุฉ ุงููุฑูุฑ: aass1122

โ ุจุนุฏ ุงูุชูููุฐ ุฃุฑุณู ุฑุณุงูุฉ ูุตูุฉ ุชุคูุฏ ุฅุชูุงู ุงููููุฉ."
7152023720,"๐น ุจูุงูุงุช ุงููููุฉ:

ุงูุงุณู: Kimberlee Eric
ุงูุฅูููู: kimberlee.eric590@gmail.com
ูููุฉ ุงููุฑูุฑ: aass1122

โ ุจุนุฏ ุงูุชูููุฐ ุฃุฑุณู ุฑุณุงูุฉ ูุตูุฉ ุชุคูุฏ ุฅุชูุงู ุงููููุฉ."
7152023720,"๐น ุจูุงูุงุช ุงููููุฉ:

ุงูุงุณู: Erma Kristopher
ุงูุฅูููู: erma.kristopher847@gmail.com
ูููุฉ ุงููุฑูุฑ: aass1122

โ ุจุนุฏ ุงูุชูููุฐ ุฃุฑุณู ุฑุณุงูุฉ ูุตูุฉ ุชุคูุฏ ุฅุชูุงู ุงููููุฉ."
7152023720,"๐น ุจูุงูุงุช ุงููููุฉ:

ุงูุงุณู: Erma Kristopher
ุงูุฅูููู: erma.kristopher847@gmail.com
ูููุฉ ุงููุฑูุฑ: aass1122

โ ุจุนุฏ ุงูุชูููุฐ ุฃุฑุณู ุฑุณุงูุฉ ูุตูุฉ ุชุคูุฏ ุฅุชูุงู ุงููููุฉ."
7152023720,"๐น ุจูุงูุงุช ุงููููุฉ:

ุงูุงุณู: Erma Kristopher
ุงูุฅูููู: erma.kristopher847@gmail.com
ูููุฉ ุงููุฑูุฑ: aass1122

โ ุจุนุฏ ุงูุชูููุฐ ุฃุฑุณู ุฑุณุงูุฉ ูุตูุฉ ุชุคูุฏ ุฅุชูุงู ุงููููุฉ."
7152023720,"๐น ุจูุงูุงุช ุงููููุฉ:

ุงูุงุณู: Erma Kristopher
ุงูุฅูููู: erma.kristopher847@gmail.com
ูููุฉ ุงููุฑูุฑ: aass1122

โ ุจุนุฏ ุงูุชูููุฐ ุฃุฑุณู ุฑุณุงูุฉ ูุตูุฉ ุชุคูุฏ ุฅุชูุงู ุงููููุฉ."
7152023720,"๐น ุจูุงูุงุช ุงููููุฉ:

ุงูุงุณู: Paris Ralph
ุงูุฅูููู: paris.ralph312@gmail.com
ูููุฉ ุงููุฑูุฑ: aass1122

โ ุจุนุฏ ุงูุชูููุฐ ุฃุฑุณู ุฑุณุงูุฉ ูุตูุฉ ุชุคูุฏ ุฅุชูุงู ุงููููุฉ."
7152023720,"๐น ุจูุงูุงุช ุงููููุฉ:

ุงูุงุณู: Kimberlee Eric
ุงูุฅูููู: kimberlee.eric590@gmail.com
ูููุฉ ุงููุฑูุฑ: aass1122

โ ุจุนุฏ ุงูุชูููุฐ ุฃุฑุณู ุฑุณุงูุฉ ูุตูุฉ ุชุคูุฏ ุฅุชูุงู ุงููููุฉ."
7152023720,"๐น ุจูุงูุงุช ุงููููุฉ:

ุงูุงุณู: Kimberlee Eric
ุงูุฅูููู: kimberlee.eric590@gmail.com
ูููุฉ ุงููุฑูุฑ: aass1122

โ ุจุนุฏ ุงูุชูููุฐ ุฃุฑุณู ุฑุณุงูุฉ ูุตูุฉ ุชุคูุฏ ุฅุชูุงู ุงููููุฉ."
7152023720,"๐น ุจูุงูุงุช ุงููููุฉ:

ุงูุงุณู: Erma Kristopher
ุงูุฅูููู: erma.kristopher847@gmail.com
ูููุฉ ุงููุฑูุฑ: aass1122

โ ุจุนุฏ ุงูุชูููุฐ ุฃุฑุณู ุฑุณุงูุฉ ูุตูุฉ ุชุคูุฏ ุฅุชูุงู ุงููููุฉ."
7152023720,"๐น ุจูุงูุงุช ุงููููุฉ:

ุงูุงุณู: Paris Ralph
ุงูุฅูููู: paris.ralph312@gmail.com
ูููุฉ ุงููุฑูุฑ: aass1122

โ ุจุนุฏ ุงูุชูููุฐ ุฃุฑุณู ุฑุณุงูุฉ ูุตูุฉ ุชุคูุฏ ุฅุชูุงู ุงููููุฉ."
7152023720,"๐น ุจูุงูุงุช ุงููููุฉ:

ุงูุงุณู: Paris Ralph
ุงูุฅูููู: paris.ralph312@gmail.com
ูููุฉ ุงููุฑูุฑ: aass1122

โ ุจุนุฏ ุงูุชูููุฐ ุฃุฑุณู ุฑุณุงูุฉ ูุตูุฉ ุชุคูุฏ ุฅุชูุงู ุงููููุฉ."
7152023720,"๐น ุจูุงูุงุช ุงููููุฉ:

ุงูุงุณู: Paris Ralph
ุงูุฅูููู: paris.ralph312@gmail.com
ูููุฉ ุงููุฑูุฑ: aass1122

โ ุจุนุฏ ุงูุชูููุฐ ุฃุฑุณู ุฑุณุงูุฉ ูุตูุฉ ุชุคูุฏ ุฅุชูุงู ุงููููุฉ."
7152023720,"๐น ุจูุงูุงุช ุงููููุฉ:

ุงูุงุณู: Paris Ralph
ุงูุฅูููู: paris.ralph312@gmail.com
ูููุฉ ุงููุฑูุฑ: aass1122

โ ุจุนุฏ ุงูุชูููุฐ ุฃุฑุณู ุฑุณุงูุฉ ูุตูุฉ ุชุคูุฏ ุฅุชูุงู ุงููููุฉ."
7152023720,"๐น ุจูุงูุงุช ุงููููุฉ:

ุงูุงุณู: Kimberlee Eric
ุงูุฅูููู: kimberlee.eric590@gmail.com
ูููุฉ ุงููุฑูุฑ: aass1122

โ ุจุนุฏ ุงูุชูููุฐ ุฃุฑุณู ุฑุณุงูุฉ ูุตูุฉ ุชุคูุฏ ุฅุชูุงู ุงููููุฉ."
7152023720,"๐น ุจูุงูุงุช ุงููููุฉ:

ุงูุงุณู: Kimberlee Eric
ุงูุฅูููู: kimberlee.eric590@gmail.com
ูููุฉ ุงููุฑูุฑ: aass1122

โ ุจุนุฏ ุงูุชูููุฐ ุฃุฑุณู ุฑุณุงูุฉ ูุตูุฉ ุชุคูุฏ ุฅุชูุงู ุงููููุฉ."
7152023720,"๐น ุจูุงูุงุช ุงููููุฉ:

ุงูุงุณู: Paris Ralph
ุงูุฅูููู: paris.ralph312@gmail.com
ูููุฉ ุงููุฑูุฑ: aass1122

โ ุจุนุฏ ุงูุชูููุฐ ุฃุฑุณู ุฑุณุงูุฉ ูุตูุฉ ุชุคูุฏ ุฅุชูุงู ุงููููุฉ."
7152023720,"๐น ุจูุงูุงุช ุงููููุฉ:

ุงูุงุณู: Paris Ralph
ุงูุฅูููู: paris.ralph312@gmail.com
ูููุฉ ุงููุฑูุฑ: aass1122

โ ุจุนุฏ ุงูุชูููุฐ ุฃุฑุณู ุฑุณุงูุฉ ูุตูุฉ ุชุคูุฏ ุฅุชูุงู ุงููููุฉ."
7152023720,"๐น ุจูุงูุงุช ุงููููุฉ:

ุงูุงุณู: Erma Kristopher
ุงูุฅูููู: erma.kristopher847@gmail.com
ูููุฉ ุงููุฑูุฑ: aass1122

โ ุจุนุฏ ุงูุชูููุฐ ุฃุฑุณู ุฑุณุงูุฉ ูุตูุฉ ุชุคูุฏ ุฅุชูุงู ุงููููุฉ."
7152023720,"๐น ุจูุงูุงุช ุงููููุฉ:

ุงูุงุณู: Kimberlee Eric
ุงูุฅูููู: kimberlee.eric590@gmail.com
ูููุฉ ุงููุฑูุฑ: aass1122

โ ุจุนุฏ ุงูุชูููุฐ ุฃุฑุณู ุฑุณุงูุฉ ูุตูุฉ ุชุคูุฏ ุฅุชูุงู ุงููููุฉ."
7152023720,"๐น ุจูุงูุงุช ุงููููุฉ:

ุงูุงุณู: Erma Kristopher
ุงูุฅูููู: erma.kristopher847@gmail.com
ูููุฉ ุงููุฑูุฑ: aass1122

โ ุจุนุฏ ุงูุชูููุฐ ุฃุฑุณู ุฑุณุงูุฉ ูุตูุฉ ุชุคูุฏ ุฅุชูุงู ุงููููุฉ."
7152023720,"๐น ุจูุงูุงุช ุงููููุฉ:

ุงูุงุณู: Kimberlee Eric
ุงูุฅูููู: kimberlee.eric590@gmail.com
ูููุฉ ุงููุฑูุฑ: aass1122

โ ุจุนุฏ ุงูุชูููุฐ ุฃุฑุณู ุฑุณุงูุฉ ูุตูุฉ ุชุคูุฏ ุฅุชูุงู ุงููููุฉ."
7152023720,"๐น ุจูุงูุงุช ุงููููุฉ:

ุงูุงุณู: Paris Ralph
ุงูุฅูููู: paris.ralph312@gmail.com
ูููุฉ ุงููุฑูุฑ: aass1122

โ ุจุนุฏ ุงูุชูููุฐ ุฃุฑุณู ุฑุณุงูุฉ ูุตูุฉ ุชุคูุฏ ุฅุชูุงู ุงููููุฉ."
7152023720,"๐น ุจูุงูุงุช ุงููููุฉ:

ุงูุงุณู: Erma Kristopher
ุงูุฅูููู: erma.kristopher847@gmail.com
ูููุฉ ุงููุฑูุฑ: aass1122

โ ุจุนุฏ ุงูุชูููุฐ ุฃุฑุณู ุฑุณุงูุฉ ูุตูุฉ ุชุคูุฏ ุฅุชูุงู ุงููููุฉ."
7152023720,"๐น ุจูุงูุงุช ุงููููุฉ:

ุงูุงุณู: Paris Ralph
ุงูุฅูููู: paris.ralph312@gmail.com
ูููุฉ ุงููุฑูุฑ: aass1122

โ ุจุนุฏ ุงูุชูููุฐ ุฃุฑุณู ุฑุณุงูุฉ ูุตูุฉ ุชุคูุฏ ุฅุชูุงู ุงููููุฉ."
7152023720,"๐น ุจูุงูุงุช ุงููููุฉ:

ุงูุงุณู: Paris Ralph
ุงูุฅูููู: paris.ralph312@gmail.com
ูููุฉ ุงููุฑูุฑ: aass1122

โ ุจุนุฏ ุงูุชูููุฐ ุฃุฑุณู ุฑุณุงูุฉ ูุตูุฉ ุชุคูุฏ ุฅุชูุงู ุงููููุฉ."
7152023720,"๐น ุจูุงูุงุช ุงููููุฉ:

ุงูุงุณู: Kimberlee Eric
ุงูุฅูููู: kimberlee.eric590@gmail.com
ูููุฉ ุงููุฑูุฑ: aass1122

โ ุจุนุฏ ุงูุชูููุฐ ุฃุฑุณู ุฑุณุงูุฉ ูุตูุฉ ุชุคูุฏ ุฅุชูุงู ุงููููุฉ."
7152023720,"๐น ุจูุงูุงุช ุงููููุฉ:

ุงูุงุณู: Kimberlee Eric
ุงูุฅูููู: kimberlee.eric590@gmail.com
ูููุฉ ุงููุฑูุฑ: aass1122

โ ุจุนุฏ ุงูุชูููุฐ ุฃุฑุณู ุฑุณุงูุฉ ูุตูุฉ ุชุคูุฏ ุฅุชูุงู ุงููููุฉ."
7152023720,"๐น ุจูุงูุงุช ุงููููุฉ:

ุงูุงุณู: Paris Ralph
ุงูุฅูููู: paris.ralph312@gmail.com
ูููุฉ ุงููุฑูุฑ: aass1122

โ ุจุนุฏ ุงูุชูููุฐ ุฃุฑุณู ุฑุณุงูุฉ ูุตูุฉ ุชุคูุฏ ุฅุชูุงู ุงููููุฉ."
7152023720,"๐น ุจูุงูุงุช ุงููููุฉ:

ุงูุงุณู: Kimberlee Eric
ุงูุฅูููู: kimberlee.eric590@gmail.com
ูููุฉ ุงููุฑูุฑ: aass1122

โ ุจุนุฏ ุงูุชูููุฐ ุฃุฑุณู ุฑุณุงูุฉ ูุตูุฉ ุชุคูุฏ ุฅุชูุงู ุงููููุฉ."
7152023720,"๐น ุจูุงูุงุช ุงููููุฉ:

ุงูุงุณู: Paris Ralph
ุงูุฅูููู: paris.ralph312@gmail.com
ูููุฉ ุงููุฑูุฑ: aass1122

โ ุจุนุฏ ุงูุชูููุฐ ุฃุฑุณู ุฑุณุงูุฉ ูุตูุฉ ุชุคูุฏ ุฅุชูุงู ุงููููุฉ."
7152023720,"๐น ุจูุงูุงุช ุงููููุฉ:

ุงูุงุณู: Paris Ralph
ุงูุฅูููู: paris.ralph312@gmail.com
ูููุฉ ุงููุฑูุฑ: aass1122

โ ุจุนุฏ ุงูุชูููุฐ ุฃุฑุณู ุฑุณุงูุฉ ูุตูุฉ ุชุคูุฏ ุฅุชูุงู ุงููููุฉ."
7152023720,"๐น ุจูุงูุงุช ุงููููุฉ:

ุงูุงุณู: Mike Johnson
ุงูุฅูููู: mike.johnson1944@gmail.com
ูููุฉ ุงููุฑูุฑ: aass1122

โ ุจุนุฏ ุงูุชูููุฐ ุฃุฑุณู ุฑุณุงูุฉ ูุตูุฉ ุชุคูุฏ ุฅุชูุงู ุงููููุฉ."
7152023720,"๐น ุจูุงูุงุช ุงููููุฉ:

ุงูุงุณู: Chris Clark
ุงูุฅูููู: chris.clark3150@gmail.com
ูููุฉ ุงููุฑูุฑ: aass1122

โ ุจุนุฏ ุงูุชูููุฐ ุฃุฑุณู ุฑุณุงูุฉ ูุตูุฉ ุชุคูุฏ ุฅุชูุงู ุงููููุฉ."
7152023720,"๐น ุจูุงูุงุช ุงููููุฉ:

ุงูุงุณู: Raymundo Brian
ุงูุฅูููู: raymundo.brian122@gmail.com
ูููุฉ ุงููุฑูุฑ: aass1122

โ ุจุนุฏ ุงูุชูููุฐ ุฃุฑุณู ุฑุณุงูุฉ ูุตูุฉ ุชุคูุฏ ุฅุชูุงู ุงููููุฉ."
7152023720,"๐น ุจูุงูุงุช ุงููููุฉ:

ุงูุงุณู: Jeremy James
ุงูุฅูููู: jeremy.james944@gmail.com
ูููุฉ ุงููุฑูุฑ: aass1122

โ ุจุนุฏ ุงูุชูููุฐ ุฃุฑุณู ุฑุณุงูุฉ ูุตูุฉ ุชุคูุฏ ุฅุชูุงู ุงููููุฉ."
7152023720,"๐น ุจูุงูุงุช ุงููููุฉ:

ุงูุงุณู: Bryce Marvin
ุงูุฅูููู: bryce.marvin572@gmail.com
ูููุฉ ุงููุฑูุฑ: aass1122

โ ุจุนุฏ ุงูุชูููุฐ ุฃุฑุณู ุฑุณุงูุฉ ูุตูุฉ ุชุคูุฏ ุฅุชูุงู ุงููููุฉ."
7152023720,"๐น ุจูุงูุงุช ุงููููุฉ:

ุงูุงุณู: Martika Thomas
ุงูุฅูููู: martika.thomas317@gmail.com
ูููุฉ ุงููุฑูุฑ: aass1122

โ ุจุนุฏ ุงูุชูููุฐ ุฃุฑุณู ุฑุณุงูุฉ ูุตูุฉ ุชุคูุฏ ุฅุชูุงู ุงููููุฉ."
7152023720,"๐น ุจูุงูุงุช ุงููููุฉ:

ุงูุงุณู: Reid Green
ุงูุฅูููู: reid.green908@gmail.com
ูููุฉ ุงููุฑูุฑ: aass1122

โ ุจุนุฏ ุงูุชูููุฐ ุฃุฑุณู ุฑุณุงูุฉ ูุตูุฉ ุชุคูุฏ ุฅุชูุงู ุงููููุฉ."
8239500776,"๐น ุจูุงูุงุช ุงููููุฉ:

ุงูุงุณู: Silvia Edmund
ุงูุฅูููู: silvia.edmund499@gmail.com
ูููุฉ ุงููุฑูุฑ: aass1122

โ ุจุนุฏ ุงูุชูููุฐ ุฃุฑุณู ุฑุณุงูุฉ ูุตูุฉ ุชุคูุฏ ุฅุชูุงู ุงููููุฉ."
5623855116,"๐น ุจูุงูุงุช ุงููููุฉ:

ุงูุงุณู: Marilyn Milton
ุงูุฅูููู: marilyn.milton233@gmail.com
ูููุฉ ุงููุฑูุฑ: aass1122

โ ุจุนุฏ ุงูุชูููุฐ ุฃุฑุณู ุฑุณุงูุฉ ูุตูุฉ ุชุคูุฏ ุฅุชูุงู ุงููููุฉ."
6960911700,"๐น ุจูุงูุงุช ุงููููุฉ:

ุงูุงุณู: Carson Milton
ุงูุฅูููู: carson.milton804@gmail.com
ูููุฉ ุงููุฑูุฑ: aass1122

โ ุจุนุฏ ุงูุชูููุฐ ุฃุฑุณู ุฑุณุงูุฉ ูุตูุฉ ุชุคูุฏ ุฅุชูุงู ุงููููุฉ."
